belongs_to_collection_id,belongs_to_collection_name
0,#TemanTapiMenikah
1,... Cameras Collection
2,..... Is Gone
3,.hack Collection
4,10 giorni... - Collezione
5,10/31 Collection
6,100 Girls Collection
7,100% Coco Collection
8,101 Dalmatians (Live-Action) Collection
9,12 Dogs of Christmas Collection
10,12 Rounds Collection
11,14+ (Коллекция)
12,18+ - Collection
13,1920 Collection
14,1981 Collection
15,2 Days In... Collection
16,2001 Maniacs Collection
17,20th Century Boys Collection
18,28 Days/Weeks Later Collection
19,3 A.M. Collection
20,3 Braves Universe
21,3 Little Pigs collection
22,30 Days of Night Collection
23,300 Collection
24,365 Days Collection
25,4 Horror Tales Collection
26,47 Meters Down Collection
27,47 Ronin Collection
28,64 Collection
29,666 Collection
30,8 свиданий (Коллекция)
31,A Bread Factory Collection
32,A California Christmas Collection
33,A Chinese Odyssey Collection
34,A Christmas Prince Collection
35,A Class to Remember Collection
36,A Doggone Collection
37,A Família Natal (Coleção)
38,A Few Best Men Collection
39,A Frozen Christmas Collection
40,A Godwink Christmas Collection
41,A Haunted House Collection
42,A Man and a Woman Collection
43,A Meowy Collection
44,A Quiet Place Collection
45,A Second Chance Collection
46,A Simple Favor Collection
47,A Very Special Love Collection
48,ABCD Collection
49,AIBOU Collection
50,AMV Hell
51,ARCHIE Collection
52,AVP Collection
53,Aadu Collection
54,Aashiqui Collection
55,Ab Tak Chhappan Collection
56,About Love Collection
57,Accident Man Collection
58,"Achtung, fertig Filmreihe"
59,Act Naturally Collection
60,Ada Apa Dengan Cinta? Collection
61,Adam Chaplin Collection
62,Admiral Yi Collection
63,Adventures of Bailey Collection
64,Adventures of Jurassic Pet Collection
65,After Collection
66,After School Horror - Collection
67,Against the Wild Collection
68,Agent Cody Banks Collection
69,Ah Boys to Men Collection
70,Aileen Wuornos Collection
71,Ajin Collection
72,Akihabara Trilogy
73,Aladdin (Live-Action) Collection
74,Aldo Giovanni e Giacomo Collection
75,Alejandro Jodorowsky Autobiography Collection
76,Alex Cross Collection
77,Algjör Sveppi
78,Alice in Wonderland Collection
79,Alien Factor Collection
80,Alien Sex Files
81,Aliens Ate My Homework Collection
82,All for ...
83,Alligator Ladies Collection
84,Almighty Collection
85,Alone in the Dark Collection
86,Along Came the Devil Collection
87,Along with the Gods Collection
88,Alpha and Omega Collection
89,Alvin and the Chipmunks Collection
90,Always: Sunset on Third Street Collection
91,Amateur Porn Star Killer Collection
92,Ambra Collection
93,American Civil War Collection
94,American Guinea Pig Collection
95,American Pie Collection
96,American Poltergeist
97,American Psycho Collection
98,An American Girl Collection
99,Anaconda Collection
100,Analyze Collection
101,Anatomy Collection
102,Anatomy of an Antihero Collection
103,Anchorman Collection
104,Android Kunjappan Collection
105,Anděl Páně (kolekce)
106,Ang Tanging Ina Collection
107,Animal Collection
108,Anja & Viktor Collection
109,Annabelle Collection
110,Annika Bengtzon Collection
111,Annika Bengtzon Collection (Helena Bergström)
112,Another Gay Movie Collection
113,Ant-Man Collection
114,Antboy Collection
115,Antelope Valley Collection
116,Antisocial Collection
117,Ants in the Pants Collection
118,Apocalypse Collection
119,Appleseed Collection
120,Aqua Teen Hunger Force Collection
121,Aquaman Collection
122,Arabian Nights Collection
123,Ardaas Collection
124,Argo Collection
125,Armored Trooper VOTOMS Collection
126,Armour of God Collection
127,Arn Collection
128,Arpeggio of blue steel
129,Arsène Lupin (French) Collection
130,Art of the Devil Collection
131,Arthur and the Invisibles Collection
132,Ash Lad Collection
133,Ashens Collection
134,Ask Me Anything Collection
135,Assassination Classroom Collection
136,Asterix & Obelix Collection
137,Asterix and Obelix (Animation) Collection
138,Atlantic Rim Collection
139,Atlantis Collection
140,Atlas Shrugged Collection
141,Atomic Blonde Collection
142,Attack on Titan (Anime) Collection
143,Attack on Titan Collection
144,Attack the Block Collection
145,Attack the Gas Station Collection
146,Attraction Collection
147,Austin Powers Collection
148,Avatar Collection
149,Avenger Dogs
150,Avengers Grimm Collection
151,Avunu Collection
152,Axegrinder Collection
153,Axeman Collection
154,Ayat-ayat Cinta Collection
155,Aykut Enişte - saga
156,Aşk Tesadüfleri Sever [Seri]
157,Baaghi Collection
158,Baby Driver Collection
159,Baby Geniuses Collection
160,Babysitting Collection
161,Bad Ass Collection
162,Bad Ben Collection
163,Bad Boys Collection
164,Bad Kids Collection
165,Bad Moms Collection
166,Bad Santa Collection
167,Baishe Srabon and Dwitiyo Purush Collection
168,Balala the Fairies series
169,Bamse Collection
170,Bang Rajan Collection
171,Barbershop Collection
172,Barbie & Kendra Collection
173,Barbie Mariposa Collection
174,Basic Instinct Collection
175,Batman (DC Universe Animated) Collection
176,Batman Animation Collection (Adam West)
177,Battle Collection
178,Battle Royale Collection
179,Battle of the Brides
180,Bayside Shakedown Collection
181,Baztan Trilogy
182,Be My Slave Collection
183,Bearcity Collection
184,Becky Collection
185,Before... Collection
186,Behind Enemy Lines Collection
187,Believer Collection
188,Belle & Sebastian
189,Benvenuto Presidente - Collezione
190,Benyamin The Troublemaker
191,Bernie the Dolphin Collection
192,Berserk: Golden Age Arc Collection
193,Best Exotic Marigold Hotel Collection
194,Best F(r)iends Collection
195,Beverly Hills Chihuahua Collection
196,Bhai - Vyakti ki Valli
197,Bheja Fry Collection
198,Bhool Bhulaiyaa Collection
199,Bhoothnath Collection
200,Bibi & Tina Collection
201,Bibi Blocksberg Collection
202,Big Brother Collection
203,Big Fat Liar Collection
204,Bigfoot Collection
205,Binge Collection
206,Bird Box Collection
207,Birdemic Collection
208,Bishorjan and Bijoya Collection
209,Black & White Collection
210,Black Is Beltza Collection
211,Black Panther Collection
212,Black Water Collection
213,Blade Collection
214,Blade Runner Collection
215,Blair Witch Collection
216,Bleach Collection
217,Blood Feast Collection
218,BloodRayne Collection
219,Bloodbath at Pinky High Collection
220,Bloodshot Collection
221,Bloodthirst Collection
222,Bloody Chainsaw Girl Collection
223,Blue Crush Collection
224,BoBoiBoy Collection
225,Bob The Cat Collection
226,Boggy Creek Collection
227,Bon Bini Holland Collection
228,Bon Cop Bad Cop Collection
229,Bonded by Blood Collection
230,Boogeyman Collection
231,Book Club Collection
232,Boonie Bears Collection
233,Borat Moviefilms Collection
234,Borgríki Collection
235,Boule & Bill
236,Bound Heat
237,Boys Briefs Collection
238,Boys Life Collection
239,Boys on Film Collection
240,Bratz Collection
241,Brice Collection
242,Bridget Jones Collection
243,Brigada Z Collection
244,Bring It On Collection
245,Broken Blade Collection
246,Brother Bear Collection
247,Brother Collection
248,Brotherhood of Blades Collection
249,Bulletproof Collection
250,Bunker of Blood Collection
251,Bunnyman Collection
252,Bunshinsaba Collection
253,Bunty Aur Babli
254,Buppah Ratree Collection
255,Burg Schreckenstein Filmreihe
256,Burnt by the Sun Trilogy
257,Børning Collection
258,Bāhubali Collection
259,Cabin Fever Collection
260,Cade Altair Collection
261,Caesar and Otto Collection
262,Cal Collection
263,Camp Blood Collection
264,Camping Collection
265,Captain America Collection
266,Captain Marvel Collection
267,Captain Underpants Collection
268,Cardcaptor Sakura Collection
269,Carmina Collection
270,CarousHELL Collection
271,Carpenter Andersen Collection
272,Carry on Jatta Collection
273,Cars Collection
274,Carters Collection
275,Carved Collection
276,Casper and Emma Collection
277,Cat Run Collection
278,Cats & Dogs Collection
279,Cattle Hill Collection
280,Cek Toko Sebelah - Collection
281,Cementerio General Collection
282,Center Stage Collection
283,Chaar Sahibzaade Collection
284,Charter Trips
285,Chasing The Dragon Collection
286,Che Collection
287,Cheaper by the Dozen (2003) Collection
288,Cheech & Chong Collection
289,Cheerleader Camp Collection
290,Cherry Blossoms
291,Chhakka Panja Collection
292,Chicken Run Collection
293,Chief Daddy Collection
294,Chihayafuru Collection
295,Children of the Corn Collection
296,Chili Palmer Collection
297,Chocolate City Collection
298,Chronicle Collection
299,Cinderella Story Collection
300,Cities of Love Collection
301,Clash of the Titans Collection
302,Class Reunion Collection
303,Claus Family Collection
304,Clerks Collection
305,Cloudy with a Chance of Meatballs Collection
306,Clown Motel Collection
307,Clubhouse Detectives Collection
308,Coconut The Little Dragon Collection
309,Code Geass: Akito the Exiled
310,Code Geass: Lelouch of the Rebellion Recap Film Trilogy
311,Cold Prey Collection
312,Cold Pursuit Collection
313,Cold War Collection
314,Coleção Casa da Mãe Joana
315,Coleção Minha Vida em Marte
316,Come un gatto in tangenziale - Collezione
317,Commander Kellie & the Superkids Collection
318,Commando Collection
319,Confession Executive Committee (Series)
320,Constantine Collection
321,Contracted Collection
322,Corky St. Clair Collection
323,Corpse Party Collection
324,Corpse Prison Collection
325,Corto Maltese Collection
326,County Line Collection
327,Cowboy Filmreihe
328,Crackerjack Collection
329,Crank Collection
330,Crayon Shin-chan Collection
331,Crazy Collection
332,Crazy Rich Asians Collection
333,Crazy Wedding Collection
334,Creed Collection
335,Creep Collection
336,Crimes of Passion: The Maria Lang Collection
337,Crimes of the South
338,Crocodile Collection
339,Crocodile Dundee Collection
340,Cross Collection
341,"Crouching Tiger, Hidden Dragon Collection"
342,Crows Collection
343,Cube Collection
344,Curious George Collection
345,Cyborg 009 Collection
346,DAU Cinema
347,DV collection
348,Dabangg Collection
349,Dabbe [Seri]
350,Daddy Day Camp Collection
351,Danur Collection
352,Dark Harvest Collection
353,Dark Planet Collection
354,Dark Web Collection
355,Dark Woods Collection
356,Dark World Collection
357,Darko Collection
358,Darling Collection
359,Darna Hai Collection
360,Dawn of the Dragonslayer Collection
361,De Club van Sinterklaas Collectie
362,De Pernas Pro Ar - Coleção
363,Dead Rising Collection
364,Dead River Collection
365,Dead Snow Collection
366,Dead or Alive Collection
367,Deadlands Collection
368,Deadly Prey Collection
369,Deadpool Collection
370,Deadtime Stories
371,Dear God No!
372,Death Bell Collection
373,Death Forest Collection
374,Death Note Collection
375,Death Race Collection
376,Deco Truck Gal Nami
377,Decoys Collection
378,Deep Sea Monster Raiga Collection
379,Demon Slayer: Kimetsu no Yaiba - Collection
380,Den of Thieves Collection
381,Den som dræber
382,Department Q Collection
383,Deportees
384,Der Vorname Filmreihe
385,Der kleine Rabe Socke Filmreihe
386,Despicable Me Collection
387,Detective Chinatown Collection
388,Detective Conan Collection
389,Detective Dee Collection
390,Detective K Collection
391,Detective bureau nr. 2
392,Detective in the Bar
393,Deuce Bigalow Collection
394,Devi Collection
395,Devil in the Flesh
396,Dhamaal Collection
397,Dhoom Collection
398,Diary of a Wimpy Kid Collection
399,Die Hard Collection
400,Die Vampirschwestern Collection
401,Digimon Adventure tri. Collection
402,Digimon Collection
403,Dilan
404,Diplomat Kosaku Kuroda
405,Dirty Dancing Collection
406,District 13 Collection
407,Divergent Collection
408,Divã: Coleção
409,Doctor Strange Collection
410,Dolemite Collection
411,Dolphin Tale Collection
412,Don Collection
413,Doom Collection
414,Doraemon Collection
415,Dorm Daze Collection
416,Dostana Collection
417,Downton Abbey Collection
418,Dr. Dolittle Collection
419,Dracula 2000 Collection
420,Dragon Ball Super Collection
421,Dragon Inn
422,Dragon Loaded Collection
423,Dragon Nest Collection
424,DragonHeart Collection
425,Dream Girl Collection
426,Drishya Collection
427,Drishyam Collection
428,Drumline - Collection
429,Drushyam Collection
430,Ducobu Collection
431,Dulhania Collection
432,Dumb and Dumber Collection
433,Dummie the Mummy Collection
434,Dungeons & Dragons Collection
435,Dynamic Pro Super Robot Collection
436,Eagle Talon Collection
437,Easy Money Collection
438,Easy Rider Collection
439,Eating Out Collection
440,Eden of the East Collection
441,Educating Yuna Collection
442,Eight Ranger Collection
443,El Bosque Animado
444,El Crack Collection
445,El Gezira Collection
446,Election Collection
447,Elektra Luxx Collection
448,Elias the Little Rescue Boat Collection
449,Elite Squad Collection
450,Elizabeth Collection
451,Ella and Friends Collection
452,Ellembi Series
453,Elling Collection
454,Elvira Collection
455,Emmanuelle Through Time Collection
456,Enchanted Collection
457,Enola Holmes Collection
458,Erkan & Stefan Collection
459,Ernest & Celestine Collection
460,Escape Plan Collection
461,Escape Room Collection
462,Essex Boys
463,Eureka Seven Hi-Evolution Collection
464,Euthanizer Collection
465,Evil (To Kako) Collection
466,Evil Bong Collection
467,Ex Collection
468,Ex-Files
469,Extraction Collection
470,Eye of the Dolphin Collection
471,"F*ck You, Goethe Collection"
472,Fairy Tail Collection
473,Famous Five Collection
474,Fantastic Beasts Collection
475,Fantastic Four Collection
476,Fantastic Journey To Oz
477,Fat Pizza Collection
478,Fate/kaleid liner Prisma☆Illya
479,Father There Is Only One Collection
480,Father and Guns Collection
481,Father of Four Collection
482,Fear PHarm Collection
483,Feast Collection
484,Felix the Rabbit Collection
485,Feluda Collection
486,Female Ninjas Magic Chronicles Collection
487,Femalien Collection
488,Fifty Shades Collection
489,Filthy McNasty Collection
490,Fimfárum
491,Final Destination Collection
492,Final Fantasy VII Collection
493,Finding Jesus Collection
494,Finding Mr. Right Collection
495,Finding Nemo Collection
496,Firefly Collection
497,First Lady Collection
498,Fishtales Collection
499,Fist of the North Star: The Legends of the True Savior
500,Flicka Collection
501,Flower and Snake (Remake) Collection
502,Fool for Love
503,Force Collection
504,Fortress (1992) Collection
505,Four Sisters and a Wedding Collection
506,Four Taxidrivers and a Dog Collection
507,Franklin Collection
508,Free!
509,Freedom Trilogy
510,Freier Fall Collection
511,French Fried Vacation
512,Friday Collection
513,Friday the 13th Collection
514,Friend Collection
515,Fright Night (Reboot) Collection
516,From Vegas to Macau Collection
517,Frozen Collection
518,Fubar Collection
519,Fuck My... Collection
520,Fuerzas Especiales Collection
521,Fuga de cerebros - Collection
522,Fukrey Collection
523,Full Out Collection
524,Fullmetal Alchemist (Live-Action) Collection
525,Fullmetal Alchemist Collection
526,Fun and Frustration Collection
527,G.I. Joe (Live-Action) Collection
528,G.O.R.A. Collection
529,GACHI-BAN Collection
530,GALILEO collection
531,Gamera (Heisei) Collection
532,Gang of Roses Collection
533,Gangs of Wasseypur Collection
534,Gantz Collection
535,Garfield Collection
536,Gatao Collection
537,Gautas Iškvietimas Collection
538,Gen-X Cops Collections
539,Geniş Aile [Seri]
540,Gett Collection
541,Ghayal Collection
542,Ghost In The Shell: Arise Collection
543,Ghost Rider Collection
544,Ghost Shark Collection
545,Ghost Writer - Collection
546,Ghost in the Shell (Animated) Collection
547,Ghosts vs. Aliens Collection
548,Ginger Snaps Collection
549,Gintama Collection
550,Gintama Movie Collection
551,Girls & Panzer Filmreihe
552,Glass Tiger collection
553,Gloria Duque - Colección
554,Gnomeo & Juliet Collection
555,Go For Broke Collection
556,Go Goa Gone Collection
557,Go Lala Go Collection
558,Goal!
559,Goat Story Collection
560,Godzilla (Millennium) Collection
561,Godzilla Anime Collection
562,Godzilla Collection
563,Goenda Shabor Collection
564,Gogol Collection
565,Golden Chicken Collection
566,Golden Winter Collection
567,Golmaal Collection
568,Gomez & Tavarès Collection
569,Gonin Collection
570,Good Take Collection
571,Goodachari Franchise
572,Gooische Vrouwen Collection
573,Goon Collection
574,Goosebumps Collection
575,Grave Encounters Collection
576,Green Street Hooligans Collection
577,Greenland Collection
578,Greyhound Collection
579,Grindsploitation Collection
580,Groundhog Dave Collection
581,Grown Ups Collection
582,Guardians of the Galaxy Collection
583,Gukga daepyo Collection
584,Gumball 3000 Collection
585,Gundala
586,Gundam Reconguista in G Collection
587,Gwendolyn Shepherd Collection
588,HIT Universe
589,Haami Collection
590,Hababam Sınıfı [Seri]
591,Habibie & Ainun Collection
592,Haikyu!! - Movie Collection
593,Hakuoki Collection
594,Half Past Dead Collection
595,Halloween (Rob Zombie Series) Collection
596,Halloween Collection
597,Halloween Jack Collection
598,Hamilton Collection
599,Hana and Alice Collection
600,Hana-Dama Collection
601,Hancock Collection
602,Hanni & Nanni Filmreihe
603,Happiness Collection
604,Happy Bhag Jayegi Collection
605,Happy Death Day Collection
606,Happy Feet Collection
607,Harihar Nagar  Collection
608,Harold & Kumar Collection
609,Harry Potter Collection
610,Has Fallen Collection
611,Hatchet Collection
612,Hate Story Collection
613,Haunted Road Collection
614,Haunted School Collection
615,Haunted Transylvania Collection
616,Havoc Collection
617,Hayflower and Quiltshoe Collection
618,Hayride Collection
619,He Who Dares Collection
620,Head Cases
621,Headless Hero Collection
622,Healed by Grace Collection
623,"Heaven, Hell and Purgatory Collection"
624,Heavens to Betsy Collection
625,Heavy Metal Collection
626,Heavy Trip Collection
627,Hell House LLC Collection
628,Hellboy Collection
629,Hellraiser Collection
630,"Help, I Shrunk My..."
631,Henry Fool Collection
632,Hentai Kamen Collection
633,Hera Pheri Collection
634,Herbie Collection
635,Hercule Poirot Collection
636,Heropanti Collection
637,Herr Lehmann Filmreihe
638,Hey Arnold Movie Collection
639,High School Musical Collection
640,High School Wars Collection
641,High Strung Collection
642,High&Low The Movie Collection
643,Highlander Collection
644,Hitman Collection
645,Hobbs & Shaw Collection
646,Hollow Man Collection
647,Honest Candidate Collection
648,Honey Collection
649,Hoodwinked! Collection
650,Hooked Collection
651,Horoscope Collections
652,Horrible Bosses Collection
653,Horror House Highway Collection
654,Horror Stories Collection
655,Hostel Collection
656,Hot Tub Time Machine Collection
657,Hotel Inferno Collection
658,Hotel Transylvania Collection
659,House of the Dead Collection
660,Housefull Collection
661,How High Collection
662,How to Train Your Dragon Collection
663,Howard Lovecraft Collection
664,Huevos - Collection
665,Hunter x Hunter Collection
666,Hurricane Bianca Collection
667,I Am Legend Collection
668,I Am Vengeance Collection
669,I Can Quit Whenever I Want Collection
670,I Give You My Word Collection
671,I Got Five on It Collection
672,I Got the Hook Up Collection
673,I Love Hong Kong Collection
674,I Spit on Your Grave (Original) Collection
675,I Spit on Your Grave Collection
676,Ice Age Collection
677,Ice Collection
678,Iceman Collection
679,If You Are the One (Collection)
680,If You Were Me Collection
681,Il peggio della mia vita - Collezione
682,Immaturi Collection
683,Impy Collection
684,In the Name of the King Collection
685,Inadequate People Collection
686,Independence Day Collection
687,Indian Gangster Trilogy
688,Indiana Jones Collection
689,Infernal Affairs Collection
690,Inhuman kiss
691,Initial D
692,Inmu
693,Inside Man Collection
694,Inside Out Collection
695,Insidious Collection
696,Into the Blue Collection
697,Into the Darkness
698,Inuyasha Collection
699,Invasion of the Undead
700,Ip Man Collection
701,Iqbal (Samling)
702,Iris Collection
703,Iron Girl Collection
704,Iron Man Collection
705,Iron Sky Collection
706,Ironclad Collection
707,It Collection
708,Ivan Tsarevich & the Grey Wolf Collection
709,JL Family Ranch Collection
710,Jack Reacher Collection
711,Jack in the Box Collection
712,Jack vs. Collection
713,Jackass Presents: Bad Grandpa Collection
714,Jacqueline Mazerin Collection
715,James Bond Collection
716,Jan Dara
717,Jannat Collection
718,Jarhead Collection
719,Jarle Klepp-trilogien
720,Jay and Silent Bob Collection
721,Jeepers Creepers Collection
722,Jelangkung Trilogy
723,Jet Set - Saga
724,Jigarthanda Series
725,Jiivi Collection
726,Jim Button Collection
727,Jism Collection
728,Joan of Arc Collection
729,Joe Dirt Collection
730,John Wick Collection
731,Johnny 100 Pesos Collection
732,Johnny English Collection
733,Joker Collection
734,Jolly LLB Collection
735,Joséphine - Saga
736,Journey Collection
737,Journey to the West Collection
738,Joy Ride Collection
739,Ju-on Collection
740,Judwaa Collection
741,Julemandens Datter (Samling)
742,Jumanji Collection
743,Jump Street Collection
744,Jungle Jack Collection
745,Jurassic Park Collection
746,Jurassic Shark Collection
747,Justice League (DC Universe Animated) Collection
748,K-9 Adventures Collection
749,K.G.F Collection
750,KAIJI Collection
751,KM 31 - Colección
752,Kabaddi Collection
753,Kabir Singh Collection
754,Kaguya-sama: Love is War - Collection
755,Kahaani Collection
756,Kakegurui: The Movie
757,Kamen Rider Agito Collection
758,Kamen Rider Amazons Collection
759,Kamen Rider OOO Collection
760,Kamen Rider W Collection
761,Kamen Rider: The First Collection
762,Kandasamys Collection
763,Kangaroo Jack Collection
764,Karanlık Üzerine Öyküler
765,Karla Collection
766,Kartoffelsalat Filmreihe
767,Kaybedenler Kulübü Serisi
768,Kekko Kamen Collection
769,Keluarga Cemara Collection
770,Keramat Collection
771,Khuda Haafiz Collection
772,Kibakichi Collection
773,Kick-Ass Collection
774,Kickboxer (Reboot) Collection
775,Kids Return
776,Kidulthood Collection
777,Kill Bill Collection
778,Kill Buljo Collection
779,Killer Shrews Collection
780,Killing Cabos Collection
781,Killjoy Collection
782,Kindergarten Cop Collection
783,King Kong Collection
784,King Naresuan Collection
785,King of Guns Collection
786,Kingdom Collection
787,Kingsman Collection
788,Kirikou Collection
789,Kizumonogatari
790,Klovn (filmene)
791,Knerten Collection
792,Knights of the Damned Collection
793,Knives Out Collection
794,Knocked Up Collection
795,Knutsen & Ludvigsen Collection
796,Kocan Kadar Konuş [Seri]
797,Koko Collection
798,Kolah Ghermezi
799,Kong (Animated) Collection
800,Krampus Collection
801,Krrish Collection
802,Kung Fu Masters Collection
803,Kung Fu Panda Collection
804,Kung Fu Traveler Collection
805,Kuntilanak (Original) Collection
806,Kuntilanak (Remake) Collection
807,Kuroko no Basket: Winter Cup Soushuuhen Collection
808,Kuroshithuji Collection
809,Kutsal Damacana [Seri]
810,Kvartet I Collection
811,Känguru Filmreihe
812,Köstebekgiller [Seri]
813,L.O.R.D Collection
814,LEGO DC Comics Super Heroes Collection
815,LEGO DC Super Hero Girls Collection
816,LEGO: Hero Factory - Saga
817,LUPIN THE IIIRD Collection
818,La Abuela Collection
819,La Soga Collection
820,La Tour Infernale Collection
821,La niña de tus ojos - Colección
822,Lady Ninja Kasumi Collection
823,Laid To Rest Collection
824,Lake Fear Collection
825,Lan Kwai Fong Collection
826,Lapland Odyssey Collection
827,Largo Winch Collection
828,Las Leyendas Collection
829,Laskar Pelangi Collection
830,LasseMajas Detektivbyrå (samling)
831,Laughing Gor（系列）
832,Lauras Stern Filmreihe
833,Lazer Team Collection
834,League of Gods
835,Leap collection
836,Left Behind Collection
837,Legally Blonde Collection
838,Legend of a Rabbit Collection
839,Lemon Popsicle Collection
840,Leprechaun Collection
841,Les Crevettes pailletées - Saga
842,Les Petits Mouchoirs - Saga
843,Lesní trilogie (kolekce)
844,Lesson of the Evil Collection
845,Let Him Be a Basketball Player Collection
846,Lethal Kittens Collection
847,Letters to Santa Collection
848,Lezioni di Cioccolato Collection
849,Liar Game Collection
850,Library Wars Collection
851,Lights Out Collection
852,Like Mike Collection
853,Like a Dragon Collection
854,Lilly the Witch Collection
855,Lilo & Stitch Collection
856,Line Walker Collection
857,Little Bear
858,Little Book of Love Collection
859,Little Forest Collection
860,Little Nicholas Trilogy
861,Little Rose Collection
862,Little Witch Academia Collection
863,Live. Die. Repeat Collection
864,Living Dead Collection
865,Lokesh Cinematic Universe
866,Long Long Time Ago
867,Loro Collection
868,Lost Bullet Collection
869,Lost Collection
870,Lotte Collection
871,Louis & Luca Collection
872,Love Comes Softly Collection
873,Love For Sale Collection
874,Love Stories 2 Series
875,Love Stories Series
876,Love Undercover Collection
877,Love in a... Collection
878,Love in the City Collection
879,Lovey-Dovey Collection
880,Lucifer Collection
881,Lucky Luke (Animation) Collection
882,Lucy Collection
883,Lupin III Collection
884,L♡DK コレクション
885,MVP
886,Maari Collection
887,Machete Collection
888,Machine Girl Collection
889,Macross Frontier Collection
890,Mad Max Collection
891,Madagascar Collection
892,Made in Abyss  (Movie) - Collection
893,Madea - Collection
894,Magic Carpet Ride Collection
895,Magic Mike Collection
896,Magic Silver Collection
897,Magical Girl Lyrical Nanoha – Collection
898,Major Korenev Trilogy
899,Major Mahadevan Collection
900,Make Me Shudder
901,Maleficent Collection
902,Malevolence Collection
903,Malibu Rescue Collection
904,Mall Cop Collection
905,Mamma Mia! Collection
906,Man and a Baby Collection
907,Man of Steel Collection
908,Mandie Movies Collection
909,Maneater Collection
910,Mang Kepweng Collection
911,Manje Bistre Collection
912,Mann Filmreihe
913,Manos Collection
914,Manual of Love Collection
915,Mapado Collection
916,March Comes in Like a Lion Collection
917,Mardaani Collection
918,Mardock Scramble Collection
919,Marfa Girl Collection
920,Mariachi Collection
921,Marley & Me Collection
922,Marrying the Mafia Collection
923,Mary Poppins Collection
924,Maskeli Beşler [Seri]
925,Masquerade Hotel Collection
926,Masti Collection
927,Mata Batin Collection
928,Max Collection
929,Max Havoc Collection
930,Max Pinlig Collection
931,May the Devil Take You
932,Maya the Bee Collection
933,McDull Collection
934,Mean Girls Collection
935,Meat pie collection
936,Meatball Machine Collection
937,Meathook Massacre Collection
938,Mechanic Collection
939,Medusa Collection
940,Meet the Blacks Collection
941,Meet the In-Laws
942,Meet the Parents Collection
943,Mega Shark Collection
944,Mektoub is Mektoub
945,Men & Women Dilogy
946,Men In Black Collection
947,Men Suddenly in Black Collections
948,Men in the City Collection
949,Mexico Barbaro
950,Mi Nismo Anđeli Collection
951,Midnight Diner Collection
952,Mince Alors ! - Saga
953,Minions Collection
954,Minuscule Collection
955,Mirror Mirror Collection
956,Mirrors Collection
957,Mischievous Kiss The Movie
958,Miss Congeniality Collection
959,Miss Modern Collection
960,Mission: Impossible Collection
961,Mister Twister Collection
962,Mobile Suit Gundam Thunderbolt Collection
963,Mobile Suit Gundam: The Origin Collection
964,Mobile Suit Zeta Gundam A New Translation
965,Mojin Collection
966,Molly Hartley Collection
967,Monica and Friends
968,Monster Family Collection
969,Monster Hunt Collection
970,Monsters Collection
971,"Monsters, Inc. Collection"
972,Moon Collection
973,Moontrap Collection
974,Mortadelo y Filemón - Colección
975,Mortal Kombat Legends Collection
976,Moschettieri del Re - Collezione
977,Mr. Bean Collection
978,Mr. Bones Collection
979,Mr. Darcy Collection
980,Mucize [Seri]
981,Munafik Trilogy
982,Muni Collection
983,Munna Bhai Collection
984,Murder Collection
985,Murder Mystery Collection
986,My Alien Girlfriend Collection
987,My Big Fat Greek Wedding Collection
988,"My Boss, My Collection"
989,My Brother Series
990,My Hero Academia Movie Collection
991,My Little Pony: Equestria Girls Collection
992,My Mom is a Character Collection
993,My Sassy Girl Collection
994,My Sisters Kids (Remake) Collection
995,My Stupid Boss
996,My Thoughts Are Silent Collection
997,My Tutor Friend Collection
998,My Wife Is Collection
999,My Wife is a Gangster Collection
1000,Mystery Road Collection
1001,Mythica Collection
1002,N.T.R Collection
1003,NASU Collection
1004,NKCTHI Collection
1005,Nada a Perder: Coleção
1006,Naked Ambition
1007,Naked Collection
1008,Naked Fear Collection
1009,Naked Poison Collection
1010,Namastey London Collection
1011,Nana Collection
1012,Nanny McPhee Collection
1013,Naruto Collection
1014,National Treasure Collection
1015,Nativity Collection
1016,Necromancer
1017,Neighbors Collection
1018,Nemesis Collection
1019,Neuilly sa mère ! - Saga
1020,Never Back Down Collection
1021,Never Died Collection
1022,New Initial D Collection
1023,New Kids Collection
1024,New Money Collection
1025,New Queer Visions Collection
1026,New World Order Collection
1027,Nice Sister-In-Law Series
1028,Night at the Museum Collection
1029,Night of the Demons Collection
1030,Night of the Living Dead 3D - Collection
1031,Nightmare Collections
1032,Nightmare Detective Collection
1033,Niko Collection
1034,Ninja Collection
1035,Ninja Kids!!! Collection
1036,Ninja Vixens Series
1037,Ninjago Collection
1038,Nitro Collection
1039,No manches Frida Collection
1040,Nobody Sleeps in the Woods Tonight Collection
1041,Nodame Cantabile: The Movie Collection
1042,Non ci resta che il crimine - Collezione
1043,Norm of the North Collection
1044,Now You See Me Collection
1045,Nymphomaniac Collection
1046,O Grilo Feliz
1047,O Şimdi [Seri]
1048,OSS 117 The Reboot Saga
1049,Occupation Collection
1050,Octave Parango
1051,Oh My Ghost Collection
1052,Old Way Collection
1053,Olsen Banden (animeret samling)
1054,Olsenbanden Jr. Collection
1055,Omega Code Series
1056,On the Other Side of the Tracks Collection
1057,Once Upon a Time in Mumbai Collection
1058,One Cut of the Dead Collection
1059,One Hundred Thousand Bad Jokes Collection
1060,One Missed Call Collection
1061,One More Chance Collection
1062,One Piece Collection
1063,OneChanbara Collection
1064,Ong Bak Collection
1065,Onmyoji Collection
1066,Ooku: The Inner Chambers
1067,Ooops! Noah is Gone... Collection
1068,Open Season Collection
1069,Open Water Collection
1070,Operation Delta Force Collections
1071,Ori naa kodaka metaverse
1072,Orphan Collection
1073,Os Normais Collection
1074,Osaka Trilogy by Lim Kah Wai
1075,Oskar Luts Collection
1076,Osobennosti Natsionalnoy ... - Collection
1077,Otto Collection
1078,Ouija Collection
1079,Outpost Collection
1080,Outrage Collection
1081,Overheard Collection
1082,PAW Patrol Collection
1083,PTU Collection
1084,Pacific Rim Collection
1085,Paddington Collection
1086,Painted Skin Collection
1087,Palermo-Milano Collection
1088,Papa ou Maman Collection
1089,Paradise Trilogy
1090,Paranormal Activity Collection
1091,Paranormal Investigations Collection
1092,Parasite Doctor Suzune Collection
1093,Parasyte Collection
1094,Party Crashers Collection
1095,Pearl Collection
1096,Pee Nak Collection
1097,Pelevin by Ginzburg Series
1098,Pentalogy of Mexico by Luis Estrada
1099,Per Fly trilogien (Samling)
1100,Perahu Kertas - Collection
1101,Percy Jackson Collection
1102,Perdiendo el norte - Colección
1103,Perfect Education Series
1104,Perfect Stranger Collection
1105,Perfect Wife Collection
1106,Pet Pals - Collection
1107,Pet Sematary Reboot Collection
1108,Peter Bell Collection
1109,Peter Pan Collection
1110,Peter Rabbit Collection
1111,Pettson and Findus (Live Action Collection)
1112,Petualangan Sherina Collection
1113,Phantasm Collection
1114,Phineas and Ferb Collection
1115,Phobia Collection
1116,Pichaikkaran Collection
1117,Piranha 3D Collection
1118,Pirates of the Caribbean Collection
1119,Pitbull Collection
1120,Pitch Perfect Collection
1121,Pizza Series
1122,Planes Collection
1123,Planes with Brains Collection
1124,Planet Single Collection
1125,Planet of the Apes (Reboot) Collection
1126,Playing with Dolls Collection
1127,Ploddy the Police Car Collection
1128,Po čem muži touží (kolekce)
1129,Pokémon Collection
1130,Pokémon: Advanced Generation Collection
1131,Pokémon: Alternate Continuity Collection
1132,Pokémon: Best Wishes! Collection
1133,Pokémon: Diamond and Pearl Collection
1134,Pokémon: XY Collection
1135,Police Story Collection
1136,Pondemonium
1137,Porkchop
1138,Pororo Collection
1139,Predator Collection
1140,Prema Katha Chitram Collection
1141,Present Perfect
1142,Pretty Cool Collection
1143,Pretty Cure
1144,Princess Cut Collection
1145,Princezna ze mlejna (kolekce)
1146,Prinzessin Lillifee Collection
1147,Project Itoh Collection
1148,Promare Collection
1149,Promedio Rojo Collection
1150,Prometheus Collection
1151,Prudence et Bélisaire Beresford Collection
1152,Public Enemy Collection
1153,Puella Magi Madoka Magica: The Movie
1154,Pulse Collection
1155,Punyalan Collection
1156,Pup Star Collection
1157,Puppet Master Collection
1158,Pure Country Collection
1159,Purpose of Reunion Collection
1160,Pusher Collection
1161,Puss in Boots Collection
1162,Pyaar Ka Punchnama Collection
1163,Quarantine Collection
1164,Queen of Spades Collection
1165,Queen of the Trap House Collection
1166,Quentin Crisp Collection
1167,R.I.P.D. Collection
1168,RED Collection
1169,Raaz Collection
1170,Rabbit School Collection
1171,Rabbit Without Ears Collection
1172,Race Collection
1173,Ragini MMS Collection
1174,Raiders Collection
1175,Rakht Charitra Collection
1176,Rakshasudu Collection
1177,Rambo Collection
1178,Rampage Collection
1179,Rape Zombie Series
1180,Raped by an Angel Collection
1181,Rare Exports Collection
1182,Rascal Does Not Dream of Collection
1183,Raw - Die Trilogie des Schreckens
1184,Re-Animator Collection
1185,Rebuild of Evangelion Collection
1186,Recep Ivedik Collection
1187,Recess Collection
1188,Recon Collection
1189,Red Cliff Collection
1190,Red Dog Collection
1191,Reeker Collection
1192,Remember the Goal Collection
1193,Reno 911! Collection
1194,Resident Evil Collection
1195,Resident Evil: Biohazard Collection
1196,Return of the Living Dead Collection
1197,Reunion Collection
1198,Revelation Road Collection
1199,Revenge Porn Series
1200,Reveries Collection
1201,Richard the Lionheart Collection
1202,Ricky Rapper Collection
1203,Ride Along Collection
1204,Ringu Collection
1205,Rio Collection
1206,Ripper Collection
1207,Rise of the Footsoldier Collection
1208,Road Trip Collection
1209,Robert Collection
1210,Robot Collection
1211,Robotech Collection
1212,Rock Collection
1213,Rock Dog Collection
1214,Rock On Collection
1215,Rocky Collection
1216,Rogue Cell Collection
1217,Rogue Warfare Collection
1218,Roland Hassel
1219,Romance in the Outfield Collection
1220,Rouletabille (Podalydès)
1221,Rugrats Collection
1222,Running Out Of Time Collection
1223,Rurouni Kenshin (Live-Action) Collection
1224,Rush Hour Collection
1225,Russian Institute Collection
1226,Rölli Collection
1227,S.W.A.T. Collection
1228,SLC Punk
1229,SPEC Collection
1230,SPL Collection
1231,SP（系列）
1232,Saamy Collection
1233,Sabaidee Trilogy
1234,Sadak Collection
1235,Sagrada Reset Collection
1236,Saheb Biwi Aur Gangster Collection
1237,Saint Seiya Collection
1238,Saints and Soldiers Collection
1239,Samurai Cat Collection
1240,Samurai Cop Collection
1241,Samurai Hustle
1242,Samurai Trilogy (Yoji Yamada)
1243,Sandakozhi Collection
1244,Sanky Panky Collection
1245,Santa Paws Collection
1246,Sarkar Collection
1247,Saru Collection
1248,Save the Last Dance Collection
1249,Saw Collection
1250,Scary Movie Collection
1251,Scooby-Doo Collection
1252,Scream Collection
1253,Scusa ma... - Collezione
1254,Sea Monsters Collection
1255,Searching Collection
1256,See No Evil Collection
1257,Seed Collection
1258,Sergeant Keroro Collection
1259,Serial (Bad) Weddings Collection
1260,Serial Teachers Collection
1261,Seven Days 2015 Collection
1262,Seven Dwarfs Collection
1263,Seven Souls in the Skull Castle Collection
1264,Sex And Zen Collection
1265,Sex and the City Collection
1266,Sex is Zero Series
1267,Shadow Boxing Collection
1268,Shaft (Reboot) Collection
1269,"Shake, Rattle & Roll Collection"
1270,Shanghai Noon Collection
1271,Shaolin vs. Evil Dead Collection
1272,Sharkboy and Lavagirl Collection
1273,Shaun the Sheep Collection
1274,Shazam! Collection
1275,Sheep & Wolves Collection
1276,Sherlock Holmes Collection
1277,Shiloh Collection
1278,Shin Japan Heroes Universe Collection
1279,Shinjuku Swan Collection
1280,Shinryakusha Collection
1281,Shinzanmono Collection
1282,Shivaji Surathkal Collection
1283,Shock Wave Collection
1284,Shootout Collection
1285,Showgirls Collection
1286,Shrek Collection
1287,Shri Shivraj Ashtak
1288,Shrill Cries Collection
1289,Shubh Mangal Collection
1290,Si Doel The Movie - Collection
1291,Sicario Collection
1292,Sides of the Bed
1293,Sijjin Collection
1294,Sikander Collection
1295,Silent Hill Collection
1296,Simon Brenner Collection
1297,Sin City Collection
1298,Sin Sisters Collection
1299,Sinbad (シンドバッド) Collection
1300,Sing Collection
1301,Singham Collection
1302,Single Collection
1303,Singles Ward
1304,Sinister Collection
1305,Siren: Erotic Ghost
1306,Six Degrees of Celebration Collection
1307,Skyline Collection
1308,Slasher House Collection
1309,Slime City Collection
1310,Slumber Party Slaughter Party
1311,Smeshariki Collection
1312,Sniper Collection
1313,Snow Queen Collection
1314,Snowtime! Collection
1315,Sob o sol de Riccione (Coleção)
1316,Soccer Dog Collection
1317,Solidarity Trilogy
1318,Sonic the Hedgehog Collection
1319,Sons of Rizk collection
1320,Sordid Lives Collection
1321,Sotto il vestito niente - Collezione
1322,Soulless
1323,Sound! Euphonium Collection
1324,South of 8 Collection
1325,Space Battleship Yamato 2199 Collection
1326,Space Battleship Yamato Collection
1327,Space Chimps Collection
1328,Space Dogs
1329,Space Guardians Collection
1330,Space Pirate Captain Harlock Collection
1331,Spanish Affair Collection
1332,Spicy Beauty Queen of Bangkok Collection
1333,Spider-Man (Avengers) Collection
1334,Spider-Man Collection
1335,Spider-Man: Spider-Verse Collection
1336,Spiders - Collection
1337,Spirit Collection
1338,Spirit Warriors Collection
1339,SpongeBob Collection
1340,Spud Collection
1341,Spy Kids Collection
1342,Stake Land Collection
1343,Stand by Me Doraemon
1344,Star Trek: Alternate Reality Collection
1345,Star Trek: The Next Generation Collection
1346,Star Wars Collection
1347,Stargirl Collection
1348,Stars 80 Collection
1349,Starship Troopers Collection
1350,State Property Collection
1351,Steel Rain Collection
1352,Step Up Collection
1353,Step Up Love Story Collection
1354,Still Collection
1355,Stolen Identity Collection
1356,Stomp the Yard Collection
1357,Stop the Bitch Campaign
1358,Storm Series
1359,Straight Men & the Men Who Love Them Collection
1360,Straight Outta Oakland Collection
1361,Strange Events Collection
1362,Stray Dogz Collection
1363,Street Fighter (Animated) Collection
1364,Street Kings Collection
1365,StreetDance Collection
1366,Strip Mahjong Series
1367,Stuart Little Collection
1368,Sugar Creek Gang Collection
1369,Suicide Club Collection
1370,Suicide Room Collection
1371,Suicide Squad Collection
1372,SuicideGirls Collection
1373,Sukeban Deka Collection
1374,Sul più bello - Collezione
1375,Summer Things
1376,Super Family Collection
1377,Super Furball Collection
1378,Super Sentai Collection
1379,Super Troopers Collection
1380,Superman Collection
1381,Surga Yang Tak Dirindukan
1382,Surge Of Power Collection
1383,Surrogate Valentine Collection
1384,Survival of the Dead Collection
1385,Survive Girls
1386,Suzzanna New Generation Collection
1387,Swamp Zombies Collection
1388,Sweet Mahogany Collection
1389,Sweety Collection
1390,"Sí, mi amor - Colección"
1391,TAMALA Collection
1392,THE FABLE Collection
1393,TRON Collection
1394,Taboo Collection
1395,Taeter City saga
1396,Tai Chi Collection
1397,Taina Collection
1398,Taken Collection
1399,Taking the Plunge Collection
1400,Tales From The Dark
1401,Tales from the Crypt Collection
1402,Tales of the Bizarre
1403,Tall Girl Collection
1404,Tamara Collection
1405,Tamayura: Sotsugyou Shashin
1406,Tanguy - Saga
1407,Tanu Weds Manu Collection
1408,Taxi Collection
1409,Tazza Collection
1410,Team Batista Series
1411,Team Spirit
1412,Ted Collection
1413,Teen Titans Go! Collection
1414,Teenage Mutant Ninja Turtles (Remake) Collection
1415,Tekken Collection
1416,Ten Days Without Mum
1417,Ten Minutes Older... (Collection)
1418,Ten Years Collection
1419,Tengen Toppa Gurren Lagann Collection
1420,Tensión sexual - Colección
1421,Terlalu Tampan - Collection
1422,Ternet Ninja (Samling)
1423,Terrifier Collection
1424,Terror Toons
1425,Testosterone Collection
1426,Tetsuo Collection
1427,Texas Chainsaw (Reboot) Collection
1428,Texas Chainsaw Massacre Collection
1429,Thamizh Padam Collection
1430,The 100-Year Old Man Collection
1431,The ABCs of Death Collection
1432,The Accidental Detective Collection
1433,The Accountant Collection
1434,The Addams Family (Animated) Collection
1435,The Adventures of Mickey Matson Collection
1436,The Adventures of Tad Jones
1437,The Alexandria Trilogy
1438,The Amazing Spider-Man Collection
1439,The Ambiguous Focus Collection
1440,The Amityville Collection
1441,The Anderssons Collection
1442,The Angry Birds Collection
1443,The Are We Collection
1444,The Art of War Collection
1445,The Avengers Collection
1446,The Aztec Mummy Collection
1447,The Babysitter Collection
1448,The Bad News Bears Collection
1449,The Bad Nun / Satanic Nun Collection
1450,The Bare Wench Project Collection
1451,The Barn Collection
1452,The Bayani Collection
1453,The Benchwarmers Collection
1454,The Benji Collection
1455,The Best Man Collection
1456,The Best Movie Collection
1457,The Big Trip Collection
1458,The Black Devil and the White Prince
1459,The Black Mask Collection
1460,The Black Stallion Collection
1461,The Blackwell Ghost Collection
1462,The Blood of Wolves Collection
1463,The Blue Elephant
1464,The Bodyguard Collection
1465,The Boondock Saints Collection
1466,The Boss Baby Collection
1467,The Bourne Collection
1468,The Boxcar Children Collection
1469,The Boy Collection
1470,The Boys Collection
1471,The Bremen Town Musicians (Collection)
1472,The Brotherhood Collection
1473,The Butterfly Effect Collection
1474,The Car Collection
1475,The Cell Collection
1476,The Charlotte Collection
1477,The Chasing World Collection
1478,The Christmas Chronicles Collection
1479,The Christmas Project Collection
1480,The Chronicles of Narnia Collection
1481,The Chronicles of Riddick Collection
1482,The Cinema Snob Movies - Collection
1483,The Collector Collection
1484,The Company
1485,The Condemned Collection
1486,The Conjuring Collection
1487,The Conman Collection
1488,The Craft Collection
1489,The Cremaster Cycle
1490,The Crimson Rivers Collection
1491,The Crocodiles Collection
1492,The Croods Collection
1493,The Crossing Collection
1494,The Crow Collection
1495,The Dark Knight Collection
1496,The Dark Side of the Heart Collection
1497,The Dead Collection
1498,The Death of Superman Collection
1499,The Debt Collector Collection
1500,The Descent Collection
1501,The Detective Collection
1502,The Die Beautiful Collection
1503,The Dino King (Collection)
1504,The Disappearance Of Eleanor Rigby Collection
1505,The Divine Move Collection
1506,The Dog Who Saved Christmas Collection
1507,The Doll
1508,The Donald Strachey Collection
1509,The Dry Collection
1510,The Dukes of Hazzard (Reboot) Collection
1511,The Elf on the Shelf Collection
1512,The Encounter Collection
1513,The Equalizer Collection
1514,The Exam
1515,The Exorcist Collection
1516,The Expendables Collection
1517,The Eye Collection
1518,The FP Collection
1519,The Falls Collection
1520,The Fast and the Fierce Collection
1521,The Fast and the Furious Collection
1522,The Fear Footage Collection
1523,The First Wave
1524,The Fixies Collection
1525,The Fjällbacka Murders
1526,The Flintstones Collection
1527,The Flirting Scholar Collection
1528,The Fontainhas Collection
1529,The Forbidden Legend: Sex And Chopsticks Collection
1530,The Foreign Exchange Student Collection
1531,The Foreigner Collection
1532,The Four Collection
1533,The Fruit is Ripe Series
1534,The Gallows Collection
1535,The Gamers Collection
1536,The Garden of Sinners - Collection
1537,The Gathering Collection
1538,The Gigolo Collection
1539,The Gingerdead Man Collection
1540,The Gingko Bed Collection
1541,The Girl - Millennium Collection
1542,The Girl Who Leapt Through Time Collection
1543,The Glass House Collection
1544,The Gospel of Christ Collection
1545,The Great Yokai War (2005) Collection
1546,The Grudge Collection
1547,The Grump Collection
1548,The Hamiltons Collection
1549,The Hangover Collection
1550,The Hannibal Lecter Collection
1551,The Haunted Collection
1552,The Haunting in Connecticut Collection
1553,The Hills Have Eyes (Reboot) Collection
1554,The Hobbit Collection
1555,The Holy Man Collection
1556,The Horror Convention Massacre
1557,The Hospital Collection
1558,The Houses October Built Collection
1559,The Human Centipede Collection
1560,The Hunger Games Collection
1561,The Hunters Collection
1562,The Huntsman Collection
1563,The Immortal Wars Collection
1564,The Inbetweeners Collection
1565,The Incredible Monk Collection
1566,The Incredibles Collection
1567,The Intent Collection
1568,The Invisible Boy Collection
1569,The Invoking Collection
1570,The Irony of Fate Collection
1571,The Jennifer Found Footage Collection
1572,The Jungle Book CGI Collection
1573,The Jungle Book Collection
1574,The Killer Eye Collection
1575,The Kissing Booth Collection
1576,The Krays Collection
1577,The Last Exorcism Collection
1578,The Last House on the Left Collection
1579,The Last Warrior (Collection)
1580,The Legend of the Christmas Witch Collection
1581,The Legend of the Galactic Heroes: Die Neue These Seiran Collection
1582,The Lego Movie Collection
1583,The Lion King (Reboot) Collection
1584,The Lion Men Series
1585,The Lion Roars Collection
1586,The Little Polar Bear Collection
1587,The Locator
1588,The Locker Collection
1589,The Lord of the Rings Collection
1590,The Lost Skeleton Collection
1591,The Male Gaze  Collection
1592,The Man from Earth Collection
1593,The Man with the Iron Fists Collection
1594,The Marine Collection
1595,The Mark Collection
1596,The Mask Collection
1597,The Matrix Collection
1598,The Maze Runner Collection
1599,The Meg Collection
1600,The Mesrine Collection
1601,The Messengers Collection
1602,The Millennium Collection
1603,The Modesty Blaise Collection
1604,The Moment After Collection
1605,The Monkey King Collection
1606,The Most Beautiful Day in the World - Collection
1607,The Mountain Collection
1608,The Mummy Collection
1609,The Muppets Collection
1610,The Necro Files Collection
1611,The New Adventures of Aladin Collection
1612,The Night Before Exams - Collection
1613,The Nun Collection
1614,The Nut Job Collection
1615,The Nutty Professor Collection
1616,The Old Guard Collection
1617,The Other Side of Heaven Collection
1618,The Ouija Experiment Collection
1619,The Outlaws Collection
1620,The PHD Movies
1621,The Pact Collection
1622,The Passion of the Christ Collection
1623,The Pasta Detectives Collection
1624,The Paul Dédalus trilogy
1625,The Phantom of the Opera Collection
1626,The Pink Panther (Steve Martin) Collection
1627,The Pirates Collection
1628,The Prince & Me Collection
1629,The Princess Diaries Collection
1630,The Princess Switch Collection
1631,The Princess and the Pea
1632,The Prostitute Trilogy
1633,The Protector Collection
1634,The Punisher Collection
1635,The Purge Collection
1636,The Raid Collection
1637,The Rally Collection
1638,The Redwood Massacre Collection
1639,The Reef Collection
1640,The Repo Collection
1641,The Reunion Collection
1642,The Ring Collection
1643,The Robert Langdon Collection
1644,The Rope Curse
1645,The Sacred Riana - Collection
1646,The Santa Clause Collection
1647,The Scorpion King Collection
1648,The Sean Lock Collection
1649,The Secret Life of Pets Collection
1650,The Set Up Collection
1651,The Seven Deadly Sins Collection
1652,The Sex Files
1653,The Shimajiro Movie Collection
1654,The Shining Collection
1655,The Sisterhood of the Traveling Pants Collection
1656,The Skulls Collection
1657,The Smurfs (Theatrical) Collection
1658,The Souvenir Collection
1659,The Spanish Apartment Trilogy
1660,The Storage Collection
1661,The Storm Riders Collection
1662,The Strangers Collection
1663,The Suicide Manual Collection
1664,The Swan Princess Collection
1665,The Sword and the Sorcerer Collection
1666,The Tag-Along Collection
1667,The Terminator Collection
1668,The ThanksKilling Collection
1669,The Thing Collection
1670,The Thinning Collection
1671,The Three Investigators Collection
1672,The Three Mothers Collection
1673,The Town That Dreaded Sundown Collection
1674,The Toxic Avenger Collection
1675,The Transporter Collection
1676,The Treasure
1677,The Tribunal Collection
1678,The Trip - Collection
1679,The Trip Collection
1680,The Trolls Collection
1681,The Tuche Family Collection
1682,The Twilight Collection
1683,The Twins Effect Collection
1684,The Ultimate Collection
1685,The Underdog Knight Collection
1686,The Valdemar Legacy Collector
1687,The Vampire Chronicles Collection
1688,The Vanished Collection
1689,The Velocipastor Collection
1690,The Vengeance Trilogy
1691,The Visitors Collection
1692,The Wailer Collection
1693,The Way We Dance Collection
1694,The Wedding Party Collection
1695,The Werewolf Game
1696,The White Storm Collection
1697,The Whole Nine/Ten Yards Collection
1698,The Wicked One Collection
1699,The Wild Soccer Bunch Collection
1700,The Witch Collection
1701,The Wixxer Collection
1702,The Wog Boy Collection
1703,The Wolverine Collection
1704,The Woman in Black Collection
1705,The Woman in the Septic Tank Collection
1706,The Work and the Glory Collection
1707,The X Files Collection
1708,The Yusuf Trilogy
1709,The Zombie Diaries Collection
1710,Thermae Romae Collection
1711,Think Like a Man Collection
1712,Thor Collection
1713,Three Extremes Collection
1714,Three Heroes Collection
1715,Three Kingdoms Collection
1716,Three Steps Above Heaven Collection
1717,Thupparivaalan Collection
1718,Tiger & Bunny Collection
1719,Tiger Claws Collection
1720,Tiger Collection
1721,Till Luck Do Us Part Collection
1722,Tillsammans
1723,Tinker Bell Collection
1724,Tiny Times Collection
1725,To All the Boys Collection
1726,Tokyo Decadence
1727,Tokyo Ghoul Movie Collection
1728,Tom Sawyer/Huck Finn Filmreihe
1729,Tomb Raider Collection
1730,Tomie Collection
1731,Tooth Fairy - Collection
1732,Tooth Fairy Collection
1733,Top Gunner Collection
1734,Tora-san Series
1735,Torihada Collection
1736,Toro Loco Collection
1737,Torrente Collection
1738,Tortured For Christ Collection
1739,Towa no Quon
1740,Toy Story Collection
1741,Trailer Park Boys Collection
1742,Train to Busan Collection
1743,Training Day Collection
1744,Trainspotting Collection
1745,Transformers Collection
1746,Treasure Island Kids
1747,Trick Collection
1748,Tricky Old Dogs Collection
1749,Trilogia Zé do Caixão
1750,Trilogy Marseillaise
1751,Trilogy of Mil Mascaras
1752,Trinity Seven Movie Collection
1753,Trois
1754,Troublesome Night Collection
1755,True North Collection
1756,True to the Game Collection
1757,Tsatsiki Collection
1758,Tulse Luper
1759,Turkish Star Wars
1760,Turn A Gundam Collection
1761,Turnt Collection
1762,Twice the Dream Collection
1763,Twin Dragon Encounter Collection
1764,Twinkle Toes Collection
1765,Twittering Birds Never Fly  Collection
1766,Täällä Pohjantähden alla (Timo Koivusalo)
1767,Tô Ryca! Coleção
1768,USA: Land of Opportunities Collection
1769,Ultimate Dilemma Collection
1770,Ultraman Cosmos Collection
1771,Ultraman Ginga Collection
1772,Ultraman Tiga Collection
1773,Ultraman Zero Collection
1774,Umizaru Collection
1775,"Un Franco, 14 pesetas - Colección"
1776,Un Monde sans femmes
1777,Unbroken Collection
1778,Under Construction Series
1779,Undercover Brother Collection
1780,Underworld Collection
1781,Undisputed Collection
1782,Unfair Collection
1783,Unfriended Collection
1784,Uniform SurviGirl collection
1785,Universal Soldier Collection
1786,Unseen Evil Collection
1787,Unstable Fables Collection
1788,Untold Stories of Independent India Collection
1789,Urban Legend Collection
1790,Uriyadi Collection
1791,Us Collection
1792,Ushijima the Loan Shark Collection
1793,V/H/S Collection
1794,V8 Collection
1795,Vacancy Collection
1796,Valley of the Wolves Collection
1797,Vampire Boys Collection
1798,Vampire City
1799,Vampire Hunter D Collection
1800,Vampires Collection
1801,Vampires Suck Collection
1802,Van Helsing Collection
1803,Van Veeteren Collection
1804,Vares Collection
1805,Varg Veum Collection
1806,Velaiyilai Pattathari Collection
1807,Venom Collection
1808,Veronica Collection
1809,Village Collection
1810,Villain Collection
1811,Vincke & Verstuyft trilogy
1812,Violent Shit Collection
1813,Virgin Hunters Collection
1814,Virgin People Collection
1815,Vishwaroopam Collection
1816,Visible Secret Collections
1817,Viy Collection
1818,Vomit Gore Series
1819,WNUF Halloween Collection
1820,Waiting Collection
1821,Waiting in the Wings Collection
1822,Walker Series
1823,Walking Tall (Reboot) Collection
1824,Wall Street Collection
1825,Wallander samling (Rolf Lassgård)
1826,Wandering Earth Collection
1827,Warriors of Virtue Collection
1828,Warriors of the Rainbow: The Seediq Bale Saga
1829,Wave / Quake Collection
1830,We Are From The Future Collection
1831,We Make Antiques! Collection
1832,We Were There Collection
1833,Wedding Pact Collection
1834,Welcome Collection
1835,Welcome to the... Collection
1836,Wendy Collection
1837,What a Wonderful Family Collection
1838,What the Waters Left Behind Collection
1839,Where We Belong Collection
1840,Whispering Corridors Collection
1841,White Collar Hooligan Collection
1842,White Noise Collection
1843,White Snake Collection
1844,Who Killed Captain Alex Collection
1845,Who Killed Pamela Rose?
1846,Why Did I Get Married Collection
1847,Wickie Collection
1848,Wiener Dog Nationals Collection
1849,Wild Chicks Collection
1850,Wind River Collection
1851,Windstorm Collection
1852,Wings Collection
1853,Winx Club Collection
1854,Witch Mountain Collection
1855,Witchcraft Collection
1856,Without a Paddle Collection
1857,Wolf Creek Collection
1858,Wolf Warrior Collection
1859,WolfCop Collection
1860,Women Of Mafia Collection
1861,Wonder Collection
1862,Wonder Woman Collection
1863,Wong Fei-Hung Collection
1864,World of Watches Collection
1865,Wreck-It Ralph Collection
1866,Wrong Turn Collection
1867,Wyrmwood Collection
1868,X-Men Collection
1869,XConfessions Collection
1870,Yakuza Ladies series
1871,Yamakasi Collection
1872,Yamla Pagla Deewana Collection
1873,Yes or No
1874,Yeti a Love Story Collection
1875,Yo-kai Watch Movie Collection
1876,Yossi Collection
1877,You Got Served Collection
1878,Young And Dangerous Collection
1879,Young Mother Series
1880,Young Sister-In-Law series
1881,Yowis Ben
1882,Yu-Gi-Oh Collection
1883,Yugo & Lala
1884,Zebraman Collection
1885,Zeitgeist Collection
1886,Zero Lithuania Collection
1887,Zero Woman Collection
1888,Zip & Zap - Collection
1889,Zombie Massacre Collection
1890,Zombie World Collection
1891,Zombieland Collection
1892,Zoo Wars Collection
1893,Zoolander Collection
1894,Zoombies Collection
1895,Zorro Collection
1896,Zu Warriors Collection
1897,[REC] Collection
1898,[]
1899,xXx Collection
1900,¿Usted No Sabe Quien Soy Yo? - Colección
1901,Çılgın Dersane
1902,Бабушка лёгкого поведения
1903,Женщины против мужчин (Коллекция)
1904,Корпус за бързо реагиране (поредица)
1905,Неслужебное задание (Коллекция)
1906,Облако-рай (Коллекция)
1907,Свінгери
1908,Счастье – это
1909,Үргээлэг
1910,หลวงพี่แจ๊ส
1911,あゝ、荒野（シリーズ）
1912,今日から俺は!!
1913,共和国三部曲（系列）
1914,哪吒（系列）
1915,国庆三部曲（系列）
1916,土竜の唄コレクション
1917,大尾鲈鳗（系列）
1918,大鱼海棠（系列）
1919,女鬼橋（系列）
1920,小男人周记（系列）
1921,山村老尸（系列）
1922,怪谈·新耳袋(系列)
1923,映画刀剣乱舞
1924,止められるか、俺たちを
1925,爱情呼叫转移 (系列)
1926,美景之屋（系列）
1927,血を吸う粘土シリーズ
1928,裸体之夜（系列）
1929,逃獄兄弟（系列）
1930,闺蜜（系列）
1931,青鬼（系列）
1932,달마야 시리즈
1933,식객 시리즈
1934,신비아파트 시리즈
